<?xml version="1.0" encoding="UTF-8"?>
<project-private xmlns="http://www.netbeans.org/ns/project-private/1">
    <editor-bookmarks xmlns="http://www.netbeans.org/ns/editor-bookmarks/2" lastBookmarkId="0"/>
    <open-files xmlns="http://www.netbeans.org/ns/projectui-open-files/2">
        <group>
            <file>file:/C:/nadamvc/nadamvc/src/nadamvc/koneksi/koneksi.java</file>
            <file>file:/C:/nadamvc/nadamvc/src/nadamvc/model/tableModelAnggotaDpr.java</file>
            <file>file:/C:/nadamvc/nadamvc/src/nadamvc/Nadamvc.java</file>
            <file>file:/C:/nadamvc/nadamvc/src/nadamvc/model/anggotadpr.java</file>
            <file>file:/C:/nadamvc/nadamvc/src/nadamvc/controller/controllerAnggotaDpr.java</file>
            <file>file:/C:/nadamvc/nadamvc/src/nadamvc/view/FormAnggotaDpr.java</file>
            <file>file:/C:/nadamvc/nadamvc/src/nadamvc/DAO/daoAnggotaDpr.java</file>
            <file>file:/C:/nadamvc/nadamvc/src/nadamvc/DAOImplement/implementAnggotaDpr.java</file>
        </group>
    </open-files>
</project-private>
